ts	phase	decision	why	evidence	result
2026-10-10T14:47:46Z	ground	Guard SystemOne HTTP and Workers AI plus Azure submit and poll	These are the current product provider calls	apps/api/src/adapters/decision-models/systemone.ts;apps/api/src/adapters/document-reading/azure.ts	inventory complete
2026-10-10T14:47:46Z	design	Use mandatory adapter admission with an authority-bound application factory	The independent judge chose actual dispatch enforcement and stored identity loading	docs/operations/ai-egress-implementation.md	design adopted
2026-10-10T14:47:46Z	verification	Retain the first failed identity journey and passing adapter regressions	The fixture failed its counterparty revision foreign key before exercising masking	test-results/aut28-first/results.json	2 passed;1 failed
2026-10-10T14:47:46Z	review	Bind restoration to each response and retain historical names	Review found shared restoration state and missing stored identity aliases	apps/api/src/adapters/ai-egress.ts;apps/api/src/db/ai-egress.ts	corrections awaiting runtime proof
2026-10-10T15:14:31Z	trail	Treat the initial four timestamps as a shared recording checkpoint	Those entries summarize earlier actions rather than their occurrence times	docs/operations/ai-egress-decisions.tsv	timestamp interpretation corrected
2026-10-10T15:14:31Z	verification	Keep the expanded failed run and correct its fixtures	One response omitted usage and one assertion compared ephemeral exposure IDs; two document journeys timed out	test-results/aut28-second/results.json	16 passed;4 failed;corrections retained
2026-10-10T15:14:31Z	verification	Retain the passing identity and adapter rerun	Stored masking and the configured provider paths need real database evidence	test-results/aut28-identity/results.json;test-results/aut28-identity/source-integrity.json	3 passed;source inventory stable
2026-10-10T15:14:31Z	interface	Preserve the existing JSON decision-state contract and recognise typed financial facts	Restricting state to the new array shape broke existing typed callers	apps/api/src/adapters/decision-models/systemone.ts;apps/api/src/application/ai-egress.ts	full type-aware changed check passed
2026-10-10T15:14:31Z	verification	Run every document-reader journey with an explicit 90-second timeout	The original run exposed the 30-second limit under the expanded workload	test-results/aut28-final/manifest.json	run in progress
2026-10-10T15:21:28Z	verification	Retain the completed boundary and document run	All current provider paths and real extraction regressions require repeatable evidence	test-results/aut28-final/results.json;test-results/aut28-final/source-integrity.json	22 passed;source inventory stable
2026-10-10T15:21:28Z	review	Restrict financial passthrough to declared decision state	Review found generic nested financial-shaped JSON could bypass masking without the corresponding audit category	apps/api/src/adapters/ai-egress.ts;apps/api/src/application/ai-egress.ts	corrected
2026-10-10T15:21:28Z	verification	Expand the existing failure-contract journeys and rerun after review	Direct assertions now cover ambiguity, client priority, malformed tokens, concurrent allocation and provider-facing audit refusal	test-results/aut28-regression/results.json;test-results/aut28-regression/source-integrity.json	5 passed;source inventory stable
2026-10-10T15:21:28Z	verification	Retain final check output with the passing artifacts	Source pointers alone do not prove checks passed	test-results/aut28-regression/check-changed-full.log;test-results/aut28-regression/check-owners.log;test-results/aut28-regression/check-browser.log	full changed check,owners,browser types passed
2026-10-10T15:21:28Z	handoff	Publish a synthetic observation and disclose proof limits	The reviewer needs provider-visible examples and remaining qualification boundaries	verification/ai-egress/observed.json;docs/operations/ai-egress-implementation.md	no transcript chronology proof;no dedicated process restart;no live qualification
